"var","rel.inf"
"Phylum",21.1718121956903
"Type_of_cost_merged",19.7991646353445
"Impacted_sector_2",18.2975885402676
"logrange",16.1973657560835
"logn",11.3576575037475
"eventDate",7.74415215781376
"Kingdom",2.91138236124338
"Environment",2.52087684980947
"logcostrange",0
