"Damage","LCI","UCI","Management","LCI","UCI","Mixed","LCI","UCI"
0.330328702160458,0.330328702160458,0,248.063042171096,248.063042171096,0,0.0888133137820856,0.0888133137820856,0
8.77244504121152,8.77244504121152,0,0.000366768425737357,0.000366768425737357,0,0,0,0
4.34758178157906,4.34758178157906,0,0.00856124976311176,0.00856124976311176,0,0,0,0
31.1249271186692,31.1249271186692,0,0.0119750924243995,0.0119750924243995,0,36.5881515910902,36.5881515910902,0
3.60198925988537,3.60198925988537,0,0.000274493648431657,0.000274493648431657,0,37.5445207684934,37.5445207684934,0
1847.53053267174,1847.53053267174,0,0.416181524722021,0.416181524722021,0,6.57110211135451,6.57110211135451,0
0.0262165713511851,0.0262165713511851,0,0,0,0,0,0,0
0,0,0,0,0,0,0,0,0
